delete from content_page;
delete from viewed;
delete from users;
delete from content;
delete from page;

insert into content(id) values
                            ('00000000-0000-0000-0000-000000000000'),
                            ('10000000-0000-0000-0000-000000000000'),
                            ('20000000-0000-0000-0000-000000000000');

insert into page(id, name) values
                            ('00000000-0000-0000-0000-000000000000', 'PAGE_HOME'),
                            ('10000000-0000-0000-0000-000000000000', 'PAGE_HOME1'),
                            ('20000000-0000-0000-0000-000000000000', 'PAGE_HOME2');

insert into content_page(page_id, content_id) values
                               ('00000000-0000-0000-0000-000000000000', '00000000-0000-0000-0000-000000000000'),
                               ('00000000-0000-0000-0000-000000000000', '10000000-0000-0000-0000-000000000000'),
                               ('00000000-0000-0000-0000-000000000000', '20000000-0000-0000-0000-000000000000'),

                               ('10000000-0000-0000-0000-000000000000', '00000000-0000-0000-0000-000000000000'),
                               ('10000000-0000-0000-0000-000000000000', '10000000-0000-0000-0000-000000000000'),
                               ('10000000-0000-0000-0000-000000000000', '20000000-0000-0000-0000-000000000000'),

                               ('20000000-0000-0000-0000-000000000000', '00000000-0000-0000-0000-000000000000'),
                               ('20000000-0000-0000-0000-000000000000', '10000000-0000-0000-0000-000000000000'),
                               ('20000000-0000-0000-0000-000000000000', '20000000-0000-0000-0000-000000000000');

insert into users(id) values
                          ('00000000-0000-0000-0000-000000000000'),
                          ('10000000-0000-0000-0000-000000000000'),
                          ('20000000-0000-0000-0000-000000000000');

insert into viewed(id, content_id, user_id) values
                                                ('00000000-0000-0000-0000-000000000000',
                                                 '00000000-0000-0000-0000-000000000000',
                                                 '00000000-0000-0000-0000-000000000000'),

                                                ('10000000-0000-0000-0000-000000000000',
                                                 '10000000-0000-0000-0000-000000000000',
                                                 '10000000-0000-0000-0000-000000000000'),

                                                ('20000000-0000-0000-0000-000000000000',
                                                 '20000000-0000-0000-0000-000000000000',
                                                 '20000000-0000-0000-0000-000000000000');